ondnr;gendergelijkheid;implementatie_werknemersrechten;sociale_relaties;werkgelegenheid;organisatie_op_het_werk;gezondheid_en_veiligheid;opleidingsbeleid;SDg;gebruik_van_energiebronnen;gebruik_van_waterbronnen;emissies_van_broeikasgassen;vervuilende_uitstoot;milieu_impact;impact_op_gezondheid_en_veiligheid;verdere_eisen_over_bepaalde_onderwerpen;milieu_beleid;SDGs
0200065765;0;0;1;2;0;2;0;0;0;0;0;2;3;0;2;0;0
0200305493;0;0;0;0;0;3;0;0;0;0;0;0;1;3;1;0;0
0204212714;0;0;0;0;0;0;1;0;1;3;0;2;1;1;2;1;0
0206460639;0;0;0;0;0;2;0;0;1;0;2;2;2;1;1;0;0
0207087872;0;0;0;0;2;1;0;0;0;0;0;0;0;3;0;0;0
0213349124;0;0;0;0;0;1;0;0;0;0;0;0;2;0;1;0;0
0213384063;0;0;0;0;0;0;0;0;0;0;1;0;3;2;0;0;0
0214014167;0;0;0;0;1;1;0;0;0;0;0;1;1;3;0;0;0
0218426974;0;0;0;0;2;1;0;0;0;0;0;0;0;3;0;0;0
0218843678;0;0;0;0;1;2;0;0;0;0;2;2;4;1;1;0;0
0219395192;0;0;0;0;0;0;0;0;0;0;0;0;0;0;0;0;0
0367300594;0;0;0;0;1;1;1;0;0;0;0;0;3;0;0;0;0
0400017112;0;0;0;0;0;1;0;0;0;0;0;0;1;1;0;0;0
0400023545;0;0;0;1;0;2;1;0;0;0;0;0;3;1;0;0;0
0400030077;0;0;0;0;0;1;0;0;0;0;0;0;0;0;0;0;0
0400032156;1;0;0;2;1;2;1;0;0;0;0;0;2;1;0;0;0
0400033047;0;0;0;0;0;0;0;0;0;0;0;0;0;0;0;0;0
0400059078;0;0;0;0;1;1;2;0;0;0;0;0;1;0;0;0;0
0400066701;0;0;0;0;0;1;0;0;0;0;0;0;0;0;0;0;0
0400069570;0;0;0;0;0;0;0;0;0;0;0;0;1;0;0;0;0
0400070263;0;0;0;0;0;0;0;0;0;0;0;0;0;0;0;0;0
0400071550;0;0;0;0;0;0;0;0;0;0;0;0;0;0;0;0;0
0400076795;0;0;0;0;0;0;0;0;0;0;0;0;0;0;0;0;0
0400079072;0;0;0;0;0;0;0;0;0;0;0;0;0;0;0;0;0
0400079171;1;0;0;0;1;2;0;0;0;0;0;0;1;0;0;0;0
0400080260;0;0;0;0;0;0;0;0;0;0;0;0;0;0;0;0;0
0400089465;0;0;0;0;0;0;0;0;0;0;0;0;1;0;0;0;0
0400089663;0;0;0;0;1;1;0;0;0;0;0;0;1;1;0;0;0
0400093524;0;0;0;0;1;1;0;0;0;0;0;0;2;0;0;0;0
0400094514;0;0;0;0;0;1;0;0;0;0;0;0;0;0;0;0;0
0400095702;0;0;0;0;0;0;0;0;0;0;0;0;0;0;0;0;0
0400095801;0;0;0;0;0;0;0;0;0;0;0;0;0;0;0;0;0
0400097680;0;0;0;0;0;1;0;0;0;0;0;0;1;0;0;0;0
0400098274;0;0;0;0;0;0;0;0;0;0;0;0;0;0;0;0;0
0400100353;0;0;0;0;0;2;0;0;0;0;0;0;0;0;0;0;0
0400101937;0;0;0;0;0;0;0;0;0;0;0;0;0;0;0;0;0
0400104610;0;0;0;0;0;0;0;0;0;0;0;0;0;0;0;0;0
0400114805;0;0;0;1;0;1;0;0;0;0;0;0;0;0;0;0;0
0400115694;0;0;0;0;0;0;0;0;0;0;0;0;0;0;0;0;0
0400117773;0;0;0;0;0;0;1;0;0;0;0;0;1;0;0;0;0
0400119258;0;0;0;2;2;3;1;0;0;0;0;0;1;2;0;0;0
0400120050;0;0;0;1;0;0;0;0;0;0;0;0;0;0;0;0;0
0400120446;0;0;0;0;0;0;0;0;0;0;0;0;0;0;0;0;0
0400120842;0;0;0;0;0;0;0;0;0;0;0;0;0;0;0;0;0
0400124208;0;0;0;0;2;0;0;0;0;0;0;2;2;3;1;0;0
0400125790;0;0;0;0;0;0;0;0;0;0;0;0;0;0;0;0;0
0400131532;0;0;0;0;0;1;0;0;0;0;0;0;1;0;1;0;0
0400133017;0;0;0;0;0;0;0;0;0;0;0;0;0;0;0;0;0
0400136282;0;0;0;0;0;0;0;0;0;0;2;0;1;0;0;0;0
0400140539;0;0;0;0;0;0;0;0;0;0;0;0;0;0;0;0;0
0400143608;1;0;0;1;0;2;0;0;1;0;0;0;2;1;0;0;0
0400151427;0;0;0;0;0;1;0;0;1;0;0;0;2;1;0;0;0
0400151724;0;0;0;0;0;0;0;0;0;0;0;0;0;0;0;0;0
0400152615;0;0;0;1;0;0;0;0;0;0;0;0;0;0;0;0;0
0400156078;0;0;0;0;0;2;0;0;0;0;0;0;0;0;0;0;0
0400156177;0;0;0;0;0;0;0;0;0;0;0;0;2;0;0;0;0
0400157266;0;0;0;0;0;0;0;0;0;0;0;0;1;0;0;0;0
0400173894;0;0;0;1;0;1;1;0;0;0;2;0;1;0;0;0;0
0400180131;0;0;0;0;1;0;1;0;0;0;0;0;0;0;0;0;0
0400183297;0;0;0;0;0;0;0;0;0;0;0;0;0;0;0;0;0
0400186069;0;0;0;0;0;0;0;0;0;0;2;0;1;0;0;0;0
0400191910;0;0;0;0;0;0;0;0;0;0;0;0;0;0;0;0;0
0400199828;0;0;0;0;2;0;1;0;0;0;2;2;3;0;0;0;0
0400207251;0;0;0;0;0;0;0;0;0;0;0;0;0;0;0;0;0
0400218337;0;0;0;0;0;0;0;0;0;0;0;0;0;0;0;0;0
0400229522;0;0;0;0;0;0;0;0;0;0;0;0;0;0;0;0;0
0400244170;0;0;0;0;0;0;0;0;0;0;0;0;1;0;0;0;0
0400244665;0;0;0;0;0;0;0;0;0;0;0;0;0;0;0;0;0
0400251593;0;0;0;0;0;0;0;0;0;0;0;0;0;0;0;0;0
0400258226;0;0;0;0;0;0;0;0;0;0;0;0;0;0;0;0;0
0400268025;0;0;0;0;0;1;0;0;0;0;2;0;1;0;0;0;0
0400271884;0;0;0;0;0;0;0;0;0;0;0;0;0;0;0;0;0
0400276735;0;0;0;0;0;0;0;0;0;0;0;0;0;0;0;0;0
0400281881;0;0;0;0;0;1;0;0;0;0;0;0;1;0;0;0;0
0400288316;0;0;0;0;0;0;0;0;0;0;0;0;0;0;0;0;0
0400289108;0;0;0;0;0;0;0;0;0;0;0;0;0;0;0;0;0
0400296828;0;0;0;0;0;0;0;0;0;0;0;0;0;0;0;0;0
0400297521;0;0;0;0;0;0;0;0;0;0;0;0;0;0;0;0;0
0400299501;0;0;0;3;0;1;0;0;0;0;0;0;0;0;0;0;0
0400299994;0;0;0;0;0;0;0;0;0;0;0;0;0;0;0;0;0
0400306726;0;0;0;0;0;0;0;0;0;0;0;0;0;0;0;0;0
0400311179;0;0;0;0;0;0;0;0;0;0;0;0;4;0;0;0;0
0400311476;0;0;0;0;0;0;0;0;0;0;0;0;0;0;0;0;0
0400313852;0;0;0;0;0;0;0;0;0;0;0;0;1;0;0;0;0
0400320879;0;0;0;2;0;1;0;0;0;0;0;0;0;0;0;0;0
0400323156;0;0;0;0;0;1;0;0;0;0;0;0;0;0;0;0;0
0400330084;0;0;0;1;0;0;0;0;0;0;0;0;1;0;0;0;0
0400330282;0;0;0;0;1;0;0;0;0;0;0;0;0;1;0;0;0
0400331173;0;0;0;1;0;3;0;0;0;0;0;0;0;0;0;0;0
0400335826;0;0;0;0;0;1;0;0;0;0;0;0;1;0;0;0;0
0400335925;0;0;0;0;0;0;0;0;0;0;2;0;2;0;0;0;0
0400457273;0;0;0;0;0;0;0;0;0;0;0;0;0;0;0;0;0
0400481326;0;0;0;0;0;0;0;0;0;0;0;0;0;0;0;0;0
0400526955;0;0;0;0;0;1;0;0;0;0;0;0;0;0;0;0;0
0400630685;0;0;0;0;0;0;0;0;0;0;0;0;1;0;0;0;0
0400669980;1;0;0;1;0;2;0;0;0;0;0;0;1;1;0;0;0
0400703931;0;0;0;0;0;0;0;0;0;0;0;0;0;0;0;0;0
0400730655;0;0;0;0;0;0;0;0;0;0;0;0;0;0;0;0;0
0400732338;0;0;0;1;0;0;2;0;0;0;0;0;3;0;0;0;0
0400750847;0;0;0;0;0;0;0;0;0;0;0;0;0;0;0;0;0
0400761735;0;0;0;0;0;0;0;0;0;0;0;0;1;0;0;0;0
0400765693;0;0;0;0;0;0;0;0;0;0;0;0;0;0;0;0;0
0400768069;0;0;0;0;0;0;0;0;0;0;0;0;0;0;0;0;0
0400772326;0;0;0;0;0;1;1;0;0;0;0;0;0;0;0;1;0
0400784303;0;0;0;0;0;1;0;0;0;0;0;0;1;0;0;0;0
0400787667;0;0;0;1;0;0;0;0;0;0;0;0;1;0;0;0;0
0400791231;0;0;0;0;0;1;0;0;0;0;0;0;0;0;0;0;0
0400793706;0;0;0;0;1;2;0;0;0;0;0;0;1;0;0;0;0
0400797169;0;0;0;0;0;0;0;0;0;0;0;0;2;0;0;0;0
0400803505;0;0;0;1;3;1;0;0;0;0;0;0;0;0;0;0;0
0400808156;0;0;0;0;0;0;0;0;0;0;0;0;0;0;0;0;0
0400813304;0;0;0;0;1;2;0;0;1;0;0;0;2;1;0;0;0
0400818747;0;0;0;0;0;0;0;0;0;0;0;0;0;0;0;0;0
0400823103;0;0;0;0;0;1;1;0;0;0;0;0;0;0;0;0;0
0400823794;0;0;0;1;0;0;0;0;0;0;0;0;0;0;0;0;0
0400828546;0;0;0;0;0;1;0;0;0;0;0;0;0;0;0;0;0
0400833296;0;0;0;1;0;0;1;0;0;0;0;0;1;0;0;0;0
0400841315;0;0;0;0;0;1;0;0;0;0;0;0;0;0;0;0;0
0400844778;0;0;0;0;0;0;0;0;0;0;0;0;0;0;0;0;0
0400845669;0;0;0;0;0;0;0;0;0;0;0;0;0;0;0;0;0
0400857052;1;0;0;1;2;3;0;0;0;0;0;0;0;1;1;0;0
0400865762;0;0;0;0;0;1;0;0;0;0;0;0;0;1;0;0;0
0400888033;0;0;0;0;0;0;0;0;0;0;0;0;0;0;0;0;0
0400932573;0;0;0;0;0;0;0;0;0;0;0;0;0;0;0;0;0
0400942768;0;0;0;0;0;0;0;0;0;0;0;0;0;0;0;0;0
0400944352;0;0;0;1;0;0;0;0;0;0;0;0;1;1;0;0;0
0400945045;0;0;0;0;2;0;1;0;0;0;2;2;3;0;0;0;0
0400954250;0;0;0;0;0;1;0;0;0;0;0;0;2;1;0;0;0
0400954844;0;0;0;0;0;1;0;0;0;0;0;0;0;0;0;0;0
0400962465;0;0;0;0;0;0;0;0;0;0;0;0;0;0;0;0;0
0400964742;0;0;0;0;0;1;0;0;0;0;0;0;0;1;0;0;0
0400974739;0;0;0;3;0;2;3;0;0;0;0;0;0;2;0;0;0
0400975432;0;0;0;0;0;0;0;0;0;0;0;0;0;0;0;0;0
0401004334;0;0;0;1;0;2;0;0;0;0;2;1;1;1;0;0;0
0401005027;0;0;0;0;0;0;1;0;0;0;0;0;0;0;0;0;0
0401005819;0;0;0;0;0;0;0;0;0;0;0;0;0;0;0;0;0
0401007106;0;0;0;0;0;0;0;0;0;0;0;0;1;0;0;0;0
0401021457;0;0;0;0;0;0;0;0;0;0;0;0;0;0;0;0;0
0401033236;0;0;0;0;0;1;0;0;0;0;0;0;0;0;0;0;0
0401038283;1;0;0;0;0;3;0;0;0;0;0;0;1;0;0;0;0
0401044124;0;0;0;0;0;0;0;0;0;0;0;0;0;0;0;0;0
0401044520;0;0;0;0;0;1;0;0;0;0;0;0;0;0;0;0;0
0401044619;0;0;0;0;0;1;0;0;0;0;0;0;0;0;0;0;0
0401048973;0;0;0;0;0;1;1;0;0;0;0;0;1;0;0;0;0
0401052240;0;0;0;0;0;3;0;0;0;0;0;0;0;0;0;0;0
0401064712;0;0;0;0;0;0;0;0;0;0;0;0;0;0;0;0;0
0401065997;0;0;0;1;0;0;1;0;0;0;0;0;1;0;1;0;0
0401068769;0;0;0;0;0;0;0;0;0;0;0;0;0;0;0;0;0
0401069165;0;0;1;0;0;0;0;0;0;0;0;0;0;0;0;0;0
0401071442;0;0;0;0;0;0;0;0;0;0;0;0;0;0;0;0;0
0401073422;0;0;0;0;0;0;0;0;0;0;0;0;0;0;0;0;0
0401084409;0;0;0;0;0;0;0;0;0;0;0;0;0;1;0;0;0
0401087377;0;0;0;0;0;0;0;0;0;0;0;0;0;0;0;0;0
0401091040;0;0;0;0;0;0;0;0;0;0;0;0;0;0;0;0;0
0401230897;0;0;0;0;0;0;0;0;0;0;0;0;0;0;0;0;0
0401276825;0;0;0;1;1;0;0;0;0;0;0;0;0;0;0;0;0
0401279201;0;0;0;0;0;0;0;0;0;0;0;0;0;0;0;0;0
0401282169;0;0;0;0;0;0;0;0;0;0;0;0;0;0;0;0;0
0401289988;0;0;0;0;0;0;0;0;0;0;0;0;0;0;0;0;0
0401302757;0;0;0;0;0;0;1;0;0;0;0;0;0;0;0;0;0
0401303450;0;0;0;0;0;0;0;0;0;0;0;0;0;0;0;0;0
0401304737;0;0;0;1;0;0;1;0;0;0;0;0;0;0;1;0;0
0401305133;0;0;0;0;0;0;0;0;0;0;0;0;1;0;0;0;0
0401307509;0;0;0;0;0;1;1;0;0;0;0;0;1;0;0;0;0
0401307608;0;0;0;0;0;0;0;0;0;0;0;0;0;0;0;0;0
0401314140;1;0;0;0;0;1;0;0;1;0;0;0;1;0;0;0;0
0401324929;1;0;0;2;1;2;0;0;1;0;2;0;1;2;0;0;0
0401326315;0;0;0;0;1;1;0;0;1;0;2;2;2;1;0;0;0
0401327008;0;0;0;0;0;0;0;0;0;0;0;0;0;2;0;0;0
0401327206;0;0;0;0;0;1;0;0;1;0;0;0;1;0;0;0;0
0401328293;0;0;0;0;0;2;0;0;0;0;0;0;0;0;0;0;0
0401329085;0;0;0;1;0;0;0;0;0;0;0;0;1;1;0;0;0
0401329382;0;0;0;0;0;0;0;0;0;0;0;0;0;0;0;0;0
0401333639;0;0;0;0;0;1;0;0;0;0;0;0;0;0;0;0;0
0401334035;0;0;0;0;1;2;0;0;1;0;0;0;1;1;0;0;0
0401334134;0;0;0;0;1;2;0;0;0;0;0;0;1;1;0;0;0
0401334629;0;0;0;1;0;0;0;0;0;0;0;0;0;0;0;0;0
0401336114;0;0;0;0;1;1;0;0;0;0;0;0;0;0;0;0;0
0401339478;0;0;0;0;0;1;1;0;2;0;2;3;1;1;1;0;0
0401339577;1;0;0;1;0;2;1;0;0;0;0;0;4;1;0;0;0
0401340765;0;0;0;1;0;0;0;0;0;0;0;0;1;0;0;0;0
0401342151;0;0;0;0;0;0;0;0;0;0;0;0;0;2;0;0;0
0401343933;0;0;0;0;0;0;0;0;0;0;0;0;1;0;0;0;0
0401345121;0;0;0;0;0;0;0;0;0;0;0;0;0;0;0;0;0
0401348485;0;0;0;1;0;1;0;0;0;0;0;0;0;0;0;0;0
0401350564;0;0;0;0;0;0;0;0;0;0;0;2;2;0;0;0;0
0401358977;0;0;0;0;0;0;0;0;0;0;0;0;0;0;0;0;0
0401359868;0;0;0;0;0;1;0;0;0;0;0;0;1;0;0;0;0
0401363828;0;0;0;0;0;0;0;0;0;0;0;0;0;0;0;0;0
0401364026;0;0;0;0;2;1;0;0;0;0;0;0;0;0;0;0;0
0401546445;0;0;0;0;0;0;0;0;0;0;0;0;0;0;0;0;0
0401889410;0;0;0;0;0;1;0;0;0;0;0;3;1;3;0;2;0
0401906236;0;0;0;0;0;0;0;0;0;0;0;0;1;0;0;0;0
0401955033;0;0;0;0;0;0;0;0;0;0;0;0;1;0;0;0;0
0401956815;0;0;0;0;0;0;0;0;0;0;0;0;0;0;0;0;0
0402043323;0;0;0;0;0;0;1;0;0;0;0;0;1;0;0;0;0
0402056882;0;0;0;0;0;0;1;0;0;0;0;0;1;0;0;0;0
0402135274;0;0;0;0;0;0;0;0;0;0;0;0;0;0;0;0;0
0402141214;0;0;0;0;0;0;0;0;0;0;0;0;0;0;0;0;0
0402166453;0;0;0;0;0;1;1;0;0;0;2;0;1;0;0;0;0
0402185952;0;0;0;1;0;0;1;0;0;0;0;0;1;0;1;0;0
0402195256;0;0;0;0;0;0;0;0;0;0;0;0;0;0;0;0;0
0402247617;0;0;0;0;0;0;0;0;0;0;0;0;0;0;0;0;0
0402531786;0;0;0;0;0;1;0;0;0;0;0;0;0;0;0;0;0
0402610970;0;0;0;0;0;1;2;0;0;0;0;0;1;0;1;0;0
0402777157;0;0;0;0;0;0;0;0;0;0;0;0;0;0;0;0;0
0402835951;0;0;0;0;0;0;0;0;0;0;0;0;1;0;0;0;0
0402851787;0;0;0;0;0;0;0;0;0;0;0;0;0;0;0;0;0
0402867427;0;0;0;0;1;0;0;0;0;0;0;0;2;0;0;0;0
0402871682;0;0;0;0;0;1;1;0;0;0;0;0;0;0;0;0;0
0402903653;0;0;0;0;0;0;0;0;0;0;0;0;0;0;0;0;0
0402915333;0;0;0;0;0;2;1;0;0;0;0;0;2;0;0;0;0
0402917511;0;0;0;0;1;1;1;0;0;0;0;0;0;0;0;0;0
0402942453;0;0;1;0;0;2;1;0;0;0;0;0;2;0;1;0;0
0402980659;0;0;0;0;0;1;0;0;0;0;0;0;1;0;0;0;0
0402981847;0;0;0;1;0;1;2;0;0;0;0;0;1;0;0;0;0
0403020350;0;0;0;0;0;0;0;0;0;0;0;0;1;0;0;0;0
0403040245;0;0;0;0;0;0;0;0;0;0;0;0;0;0;0;0;0
0403060140;0;0;0;0;0;0;0;0;0;0;0;0;1;0;0;0;0
0403086468;0;0;0;0;0;0;0;0;0;0;0;0;0;0;0;0;0
0403113489;0;0;0;0;0;0;0;0;0;0;0;0;1;0;0;0;0
0403419634;0;0;0;2;1;1;1;0;0;0;0;0;2;0;0;1;0
0403449823;0;0;0;0;0;0;0;0;0;0;0;0;0;0;0;0;0
0403470906;0;0;0;0;0;0;0;0;0;0;0;0;0;0;0;0;0
0403471005;0;0;0;0;0;0;0;0;0;0;0;0;0;0;0;0;0
0403476547;0;0;0;0;0;0;0;0;0;0;0;0;0;0;0;0;0
0403495353;0;0;0;0;0;1;0;0;0;0;0;0;1;0;0;0;0
0403506340;0;0;0;0;0;0;0;0;0;0;0;0;0;0;0;0;0
0403613337;0;0;0;0;0;0;0;0;0;0;0;0;0;0;0;0;0
0403613634;0;0;1;1;0;1;2;0;1;0;0;0;1;0;0;0;0
0403618780;0;0;0;1;0;0;2;0;0;0;0;0;1;0;0;0;0
0403621057;0;0;0;0;1;2;0;0;0;0;0;0;2;1;0;0;0
0403629965;0;0;1;1;1;3;0;0;0;0;0;0;3;0;0;1;0
0403630460;0;0;0;0;0;0;0;0;0;0;0;0;0;0;0;0;0
0403634222;0;0;0;1;0;1;0;0;1;0;0;1;1;0;0;0;0
0403646001;0;0;0;1;0;1;0;0;0;0;0;0;1;0;0;0;0
0403648771;0;0;0;0;0;0;1;0;0;0;0;0;1;0;0;0;0
0403649563;0;0;0;0;0;0;0;0;0;1;0;2;0;0;0;0;0
0403650355;0;0;0;0;0;0;0;0;0;0;0;0;0;0;0;0;0
0403652731;0;0;0;2;0;0;1;0;0;0;0;0;0;0;0;0;0
0403656986;0;0;0;0;0;0;0;0;0;0;0;0;0;0;0;0;0
0403661144;0;0;0;0;0;1;0;0;0;0;0;0;0;0;0;0;0
0403664114;0;0;0;0;0;0;0;0;0;0;0;0;0;0;0;0;0
0403671834;0;0;0;0;0;1;0;0;0;0;0;0;0;0;0;0;0
0403674804;0;0;0;0;0;0;0;0;0;0;0;0;0;0;0;0;0
0403676881;0;0;0;0;1;0;0;0;0;0;0;0;0;0;0;0;0
0403681336;0;0;0;0;0;0;0;0;0;0;0;0;0;0;0;0;0
0403699251;0;0;0;0;2;2;0;0;0;0;0;0;0;0;0;0;0
0403700043;0;0;0;0;0;0;0;0;0;0;0;0;0;0;0;0;0
0403705486;0;0;0;0;0;0;0;0;0;0;0;0;0;0;0;0;0
0403709149;0;0;0;1;0;0;1;0;0;0;0;0;2;1;0;0;0
0403713307;0;0;0;0;0;0;0;0;0;0;0;0;0;0;0;0;0
0403717562;0;0;0;0;0;0;0;0;0;0;0;0;1;0;0;0;0
0403718156;0;0;0;0;0;0;0;0;0;0;0;0;0;0;0;0;0
0403720136;0;0;0;0;0;0;0;0;0;0;0;0;0;0;0;0;0
0403722908;0;0;0;0;0;0;0;0;0;0;0;2;1;0;0;0;0
0403729143;0;0;0;0;0;0;0;0;0;0;0;0;1;0;0;0;0
0403730232;0;0;1;2;1;1;1;0;0;0;2;0;0;0;0;1;0
0403730628;0;0;0;0;1;0;0;0;0;0;0;0;0;0;0;0;0
0403745177;0;0;0;0;0;1;2;0;0;0;0;0;0;0;0;0;0
0403755471;0;0;0;0;0;0;0;0;0;0;0;0;0;0;0;0;0
0403755966;0;0;0;0;0;0;0;0;0;0;0;0;0;0;0;0;0
0403761510;1;0;0;1;2;3;0;0;0;0;0;0;2;0;0;0;0
0403763686;0;0;0;0;0;0;0;0;0;0;2;0;0;0;0;0;0
0403765468;0;0;0;1;0;0;0;0;0;0;0;0;0;0;0;0;0
0403767052;0;0;0;0;0;0;0;0;0;0;0;0;0;0;0;0;0
0403770715;0;0;0;0;1;1;0;0;1;0;2;3;7;1;0;0;0
0403771408;0;0;0;0;0;0;0;0;0;0;0;0;0;0;0;0;0
0403771705;0;0;0;0;0;1;0;0;0;0;0;0;1;0;0;0;0
0403772396;0;0;0;0;0;1;1;0;0;0;0;0;0;2;0;0;0
0403774178;0;0;0;1;0;1;0;0;0;0;0;0;1;1;0;0;0
0403776158;0;0;0;0;0;0;1;0;0;0;0;0;1;0;0;0;0
0403793578;0;0;0;0;0;1;0;0;0;0;0;0;0;0;0;0;0
0403802585;0;0;0;0;0;0;0;0;0;0;0;0;1;0;0;0;0
0403803773;0;0;0;0;1;0;0;0;0;0;0;0;0;0;0;0;0
0403805159;0;0;0;2;0;0;0;0;0;0;2;0;0;0;0;0;0
0403812879;0;0;0;0;0;2;1;1;0;0;0;0;0;1;0;0;0
0403814364;0;0;0;0;0;0;0;0;0;0;0;0;0;0;0;0;0
0403819809;0;0;0;0;0;0;0;0;0;0;0;0;0;0;0;0;0
0403822975;0;0;0;0;0;0;0;0;0;0;0;0;0;0;0;0;0
0403827529;0;0;0;0;0;0;0;0;0;0;0;0;1;0;0;0;0
0403833962;0;0;0;0;0;0;0;0;0;0;0;0;0;0;0;0;0
0403848513;0;0;0;2;0;0;1;0;0;1;0;1;2;2;0;0;0
0403855837;0;0;0;0;0;0;0;0;0;0;2;2;0;1;1;0;0
0403857520;0;0;0;1;0;0;0;0;0;0;0;0;0;0;0;0;0
0403857619;0;0;0;0;0;0;0;0;0;0;0;0;0;0;0;0;0
0403862369;0;0;0;0;3;1;0;0;1;0;0;0;1;0;0;0;0
0403871970;0;0;0;0;1;0;0;0;0;0;0;0;1;0;0;0;0
0403872762;1;0;0;1;1;1;0;0;0;0;2;0;2;0;0;0;0
0403873851;0;0;0;1;0;3;2;0;0;0;0;0;0;0;1;0;0
0403877811;0;0;0;0;0;0;0;0;0;0;0;0;0;0;0;0;0
0403990548;0;0;0;0;0;0;0;0;0;0;0;0;0;0;0;0;0
0404012819;0;0;0;0;0;2;0;0;0;0;0;0;0;0;0;0;0
0404016678;0;0;0;1;0;0;1;0;0;0;0;0;0;0;1;0;0
0404022420;0;0;0;0;0;1;0;0;0;0;0;0;0;0;0;0;0
0404030833;0;0;0;0;0;0;0;0;0;0;0;0;2;0;0;0;0
0404031922;0;0;0;0;0;0;0;0;0;0;0;0;0;0;0;0;0
0404036573;1;0;0;0;0;0;0;0;0;0;0;0;1;0;0;0;0
0404040533;0;0;0;0;0;0;0;0;0;0;0;0;0;0;0;0;0
0404045976;0;0;0;0;0;0;0;0;0;0;0;0;1;0;0;0;0
0404046075;0;0;0;4;0;0;0;0;0;0;0;0;3;0;0;0;0
0404056765;0;0;0;0;0;1;0;0;0;0;0;1;2;1;1;0;0
0404059438;1;0;0;0;3;2;0;0;0;0;0;3;4;1;1;0;0
0404069039;0;0;0;0;0;0;0;0;0;0;0;0;0;0;0;0;0
0404069138;0;0;0;0;0;1;0;0;0;0;0;2;1;4;0;0;0
0404069336;0;0;0;0;0;0;0;0;0;0;0;0;0;0;0;0;0
0404071316;0;0;0;0;0;0;0;0;0;0;0;0;0;0;0;0;0
0404076363;1;0;0;0;1;3;0;1;0;0;0;0;0;1;0;0;0
0404078640;0;0;0;0;0;1;0;0;0;0;0;0;0;0;0;0;0
0404085172;0;0;0;0;0;0;0;0;0;0;0;0;1;0;0;0;0
0404085766;0;0;0;0;0;0;0;0;0;0;0;0;0;0;0;0;0
0404087647;0;0;0;0;0;0;0;0;0;0;0;0;0;0;0;0;0
0404094872;0;0;0;0;0;0;0;0;0;0;0;0;0;0;0;0;0
0404114866;0;0;0;0;0;0;0;0;0;0;0;0;0;0;0;0;0
0404116549;0;0;0;0;0;0;0;0;0;0;0;0;0;0;0;0;0
0404121103;0;0;0;0;0;0;0;0;0;0;0;0;0;0;0;0;0
0404125358;0;0;0;0;0;1;0;0;0;0;0;0;0;0;0;0;0
0404130506;0;0;0;0;0;0;1;0;0;0;0;0;1;0;0;0;0
0404138226;0;0;0;0;0;0;0;0;0;0;0;0;0;0;0;0;0
0404139513;0;0;0;0;0;0;1;0;0;0;0;0;1;0;0;0;0
0404139810;0;0;0;0;0;0;0;0;0;0;0;0;0;0;0;0;0
0404144065;0;0;0;1;1;2;0;0;0;0;0;0;1;0;0;0;0
0404157725;0;0;0;0;0;0;1;0;0;0;0;0;0;0;0;0;0
0404161584;0;0;0;0;0;1;0;0;0;0;0;0;1;0;0;0;0
0404163762;0;0;0;0;1;2;1;0;0;0;0;0;2;0;0;0;0
0404164554;0;0;0;0;0;0;0;0;0;0;0;0;0;0;0;0;0
0404166237;0;0;0;0;0;1;1;0;1;0;0;0;1;1;0;1;0
0404167524;0;0;1;6;5;2;3;0;0;0;0;1;2;0;1;0;0
0404169405;0;0;0;0;0;1;2;0;0;0;0;0;1;0;1;0;0
0404172472;0;0;0;0;0;0;0;0;0;0;0;0;0;0;0;0;0
0404174551;0;0;0;0;0;0;0;0;0;0;0;0;0;0;0;0;0
0404175937;0;0;0;0;0;0;0;0;0;0;0;0;0;0;0;0;0
0404176135;0;0;0;1;1;2;0;0;0;0;0;0;0;1;0;0;0
0404199394;0;0;0;0;0;0;0;0;0;0;0;0;0;0;0;0;0
0404206522;0;0;0;0;0;0;0;0;0;0;0;0;1;0;0;0;0
0404207116;0;0;0;3;0;1;1;0;0;1;2;0;2;1;1;0;0
0404209193;0;1;1;1;0;1;0;0;1;0;2;0;2;1;0;1;0
0404211371;0;0;0;0;0;0;0;0;0;0;0;0;0;0;0;0;0
0404216915;0;0;0;0;0;0;0;0;0;0;0;0;1;0;0;0;0
0404218004;0;0;0;2;0;0;0;0;0;0;0;0;0;0;0;0;0
0404219586;0;0;0;1;0;0;0;0;0;0;0;0;1;0;0;0;0
0404221368;0;0;0;0;0;0;0;0;0;0;0;0;0;0;0;0;0
0404265811;1;0;0;0;0;1;0;0;0;0;0;0;1;0;0;0;0
0404272739;0;0;0;0;0;0;0;0;0;0;0;0;0;0;0;0;0
0404277489;0;0;0;0;0;0;0;0;0;0;0;0;0;0;0;0;0
0404279568;0;0;0;0;0;0;0;0;0;0;0;0;0;0;0;0;0
0404280459;0;0;0;0;0;1;0;0;0;0;0;0;0;0;0;0;0
0404289268;0;0;0;0;0;1;0;0;0;0;0;0;0;0;0;0;0
0404291743;0;0;0;0;0;0;0;0;0;0;0;0;0;0;0;0;0
0404295109;0;0;0;0;0;0;0;0;0;0;0;0;0;0;0;0;0
0404297978;0;0;0;0;0;0;0;0;0;0;0;0;0;0;0;0;0
0404298077;0;0;0;0;0;0;1;0;0;0;0;0;0;0;0;0;0
0404308173;0;0;0;0;0;0;0;0;0;0;0;0;0;0;0;0;0
0404308965;0;0;0;0;0;0;0;0;0;0;0;0;0;0;0;0;0
0404311638;0;0;0;0;0;0;0;0;0;0;0;0;0;0;0;0;0
0404312034;0;0;0;3;3;2;2;0;0;1;0;0;2;2;1;0;0
0404313816;0;0;0;0;0;1;0;0;0;0;0;0;0;0;0;0;0
0404319655;0;0;0;0;0;0;0;0;0;0;0;0;0;0;0;0;0
0404322724;0;0;0;0;0;2;2;0;0;0;0;0;2;1;0;0;0
0404326880;0;0;0;1;0;1;0;0;0;0;0;0;0;0;0;0;0
0404327573;0;0;0;0;1;1;0;0;0;0;2;1;4;1;0;0;0
0404333018;0;0;0;0;1;0;0;0;0;0;0;0;0;0;0;0;0
0404400522;0;0;0;1;0;1;0;0;0;0;0;0;1;0;0;0;0
0404425563;0;0;0;0;0;1;2;0;0;0;0;0;0;0;0;0;0
0404453475;0;0;0;1;2;3;1;0;0;0;0;0;4;0;0;0;0
0404458128;0;0;0;0;0;0;1;0;0;0;0;0;1;0;1;0;0
0404466739;0;0;0;0;0;0;0;0;0;0;0;0;0;0;0;0;0
0404484060;0;0;0;1;0;1;2;0;0;0;0;0;1;0;0;0;0
0404513556;0;0;0;0;0;0;0;0;0;0;0;0;0;0;0;0;0
0404521078;0;0;0;0;1;1;2;0;0;0;0;0;2;0;0;0;0
0404525434;0;0;0;1;0;1;0;0;0;0;0;0;1;0;0;0;0
0404527216;0;0;0;0;0;0;0;0;0;0;0;0;0;0;0;0;0
0404527810;0;0;0;0;0;0;0;0;0;0;0;0;0;0;0;0;0
0404532263;0;0;0;0;0;0;0;0;0;0;0;0;0;0;0;0;0
0404532362;0;0;0;0;0;0;0;0;0;0;0;0;1;0;0;0;0
0404536619;0;0;0;0;0;0;0;0;0;0;0;0;0;0;0;0;0
0404538696;0;0;0;0;0;1;1;0;0;0;0;0;0;0;0;0;0
0404542062;0;0;0;0;0;0;0;0;0;0;0;0;1;0;0;0;0
0404549287;0;0;0;0;0;0;0;0;0;0;0;0;0;0;0;0;0
0404554633;0;0;0;0;0;0;0;0;0;0;0;0;0;0;0;0;0
0404558195;0;0;0;0;0;0;1;0;0;0;0;0;0;0;0;0;0
0404560769;0;0;0;0;0;0;0;0;0;0;0;0;0;0;0;0;0
0404578981;0;0;0;1;0;2;1;0;0;0;0;0;0;0;0;0;0
0404599569;0;0;0;1;0;1;2;0;0;0;0;0;1;0;1;0;0
0404605707;0;0;0;0;0;0;0;0;0;0;0;0;0;0;0;0;0
0404615605;0;0;0;1;0;0;0;0;0;0;0;1;1;1;0;0;0
0404616494;0;0;0;2;1;0;2;0;0;1;3;2;2;0;1;0;0
0404618276;0;0;0;0;0;0;0;0;0;0;0;0;0;0;0;0;0
0404623226;0;0;0;0;0;0;0;0;1;0;0;0;0;0;0;0;0
0404624414;0;0;0;0;0;0;1;0;0;0;0;0;1;0;0;0;0
0404625305;0;1;0;0;0;0;0;0;0;0;0;0;0;0;0;0;0
0404625602;0;0;0;0;0;0;0;0;0;0;0;0;0;0;0;0;0
0404631540;0;0;0;0;0;0;0;0;0;0;0;0;0;0;0;0;0
0404635203;0;0;0;0;0;0;0;0;0;0;0;0;0;0;0;0;0
0404639557;0;0;0;0;0;0;0;0;0;0;0;0;0;0;0;0;0
0404655096;0;0;0;0;0;0;0;0;0;0;0;0;0;0;0;0;0
0404664303;0;0;0;0;0;0;0;0;0;0;0;0;0;0;0;0;0
0404667766;0;0;0;0;0;0;0;0;0;0;0;0;0;0;0;0;0
0404668261;0;0;0;0;0;0;0;0;0;0;0;0;0;0;0;0;0
0404697064;0;0;0;0;0;0;1;0;0;0;0;0;3;0;0;0;0
0404697559;0;0;0;0;0;0;0;0;0;0;0;0;0;0;0;0;0
0404700628;0;0;0;0;1;1;0;0;0;0;0;0;1;0;0;0;0
0404703497;0;0;0;0;0;0;0;0;0;0;0;0;0;0;0;0;0
0404721018;0;0;0;0;0;1;0;0;0;0;0;0;0;0;0;0;0
0404752888;0;0;0;0;0;1;2;0;0;0;0;0;0;0;0;0;0
0404754373;0;0;0;0;2;1;0;0;0;0;0;0;0;0;0;0;0
0404758630;0;0;0;0;0;0;0;0;0;0;0;0;0;0;0;0;0
0404763677;0;0;0;0;0;1;0;0;0;0;0;0;1;1;0;0;0
0404765360;0;0;0;0;0;0;1;0;0;0;0;0;0;0;0;0;0
0404777139;0;0;0;0;0;0;0;0;0;0;0;0;0;0;0;0;0
0404778426;0;0;0;0;0;1;2;0;0;0;0;0;0;0;0;0;0
0404780604;0;0;0;1;0;0;2;0;0;0;2;0;1;0;0;0;0
0404782186;0;0;0;0;0;0;0;0;0;0;0;0;0;0;0;0;0
0404782384;0;0;1;3;2;2;3;0;0;0;0;2;1;0;0;0;0
0404784958;0;0;0;0;0;0;0;0;0;0;0;0;1;0;0;0;0
0404785354;0;0;0;0;0;0;1;0;0;0;0;0;1;0;0;0;0
0404795549;0;0;0;0;0;0;0;0;0;0;0;0;0;0;0;0;0
0404800202;0;0;0;0;0;1;0;0;0;0;0;0;1;0;0;0;0
0404801388;0;0;0;0;0;0;0;0;0;0;0;0;0;0;0;0;0
0404803665;0;0;0;0;0;1;2;0;0;0;0;0;0;0;0;0;0
0404805051;0;0;0;0;0;1;2;0;0;0;0;0;0;0;0;0;0
0404809506;0;0;0;1;0;2;0;0;0;0;0;0;3;0;0;0;0
0404812177;0;0;0;0;0;0;0;0;0;0;0;0;0;0;0;0;0
0404812870;0;0;0;0;1;1;0;0;0;0;0;0;0;0;0;0;0
0404814058;0;0;0;1;0;1;0;0;0;0;0;0;0;0;0;0;0
0404816038;0;0;0;0;0;0;0;0;1;0;2;2;3;1;1;0;0
0404817523;0;0;0;0;0;0;0;0;0;0;0;0;0;0;0;0;0
0404826431;0;0;0;0;0;0;0;0;0;0;0;0;0;0;0;0;0
0404837814;0;0;0;0;0;0;0;0;0;0;0;0;1;0;1;0;0
0404840584;0;0;0;0;2;2;0;0;0;0;0;0;1;0;0;0;0
0404850185;0;0;0;0;0;0;0;0;0;0;0;0;0;0;0;0;0
0404850383;0;0;0;0;0;0;0;0;0;0;0;0;1;0;0;0;0
0404852363;0;0;0;1;2;1;0;0;0;0;0;0;0;0;0;0;0
0404859390;0;0;0;0;0;0;0;0;0;0;0;0;0;0;0;0;0
0404876020;0;0;0;0;0;0;0;0;0;0;0;0;0;0;0;0;0
0404877901;0;0;0;1;0;0;1;0;0;0;2;0;0;0;0;0;0
0404881364;0;0;0;0;0;1;0;0;0;0;0;0;0;1;0;0;0
0404891460;0;0;0;0;1;0;0;0;0;0;0;0;0;0;0;0;0
0404891559;0;0;0;0;0;0;0;0;0;0;0;0;0;0;0;0;0
0404896212;0;0;0;0;0;0;0;0;0;0;0;0;0;0;0;0;0
0404897497;0;0;0;0;0;0;0;0;0;0;0;0;0;0;0;0;0
0404900962;0;0;0;0;0;0;0;0;0;0;0;0;0;0;0;0;0
0404901655;0;0;0;0;1;2;0;0;0;0;0;0;0;1;0;0;0
0404902546;0;0;1;2;0;1;0;0;0;0;0;0;0;1;0;0;0
0404907395;0;0;0;0;0;0;0;0;0;0;0;0;0;0;0;0;0
0404913929;0;0;0;0;0;1;0;0;0;0;0;0;2;1;0;0;0
0404914523;0;0;0;0;0;0;0;0;0;0;0;0;1;0;0;0;0
0404915117;0;0;0;0;1;0;0;0;1;0;0;1;1;0;0;0;0
0404918085;0;0;0;0;0;0;0;0;0;0;0;0;0;0;0;0;0
0404918679;0;0;0;0;0;0;0;0;0;0;0;0;0;0;0;0;0
0404922936;0;0;0;0;0;1;0;0;0;0;0;0;1;0;0;0;0
0404928577;0;0;0;0;0;0;0;0;0;0;0;0;0;0;0;0;0
0404928775;0;0;0;0;1;2;1;0;0;0;0;0;5;0;0;0;0
0404932537;0;0;0;0;0;0;0;0;0;0;2;0;1;0;0;0;0
0404935804;0;0;0;0;0;0;0;0;0;0;0;0;0;0;0;0;0
0404943722;0;0;0;1;0;1;1;0;0;0;2;0;3;1;0;0;0
0404944613;0;0;0;0;1;0;0;0;0;0;0;0;1;0;0;0;0
0404944712;0;0;0;0;1;1;0;0;0;0;0;0;0;0;0;0;0
0404945108;0;0;0;0;0;0;0;0;0;0;0;0;0;0;0;0;0
0404946690;0;0;0;0;0;0;0;0;0;0;0;0;0;0;0;0;0
0404948868;0;0;0;0;0;1;0;0;0;0;0;0;0;0;0;0;0
0404952234;0;0;0;0;0;0;0;0;0;0;0;0;0;0;0;0;0
0404956192;0;0;0;1;0;0;0;0;0;0;0;0;1;0;0;0;0
0404959954;0;0;0;0;0;0;0;0;0;0;0;0;0;0;0;0;0
0404966189;0;0;0;0;0;0;0;0;0;0;0;0;0;0;0;0;0
0404967278;0;0;0;0;0;0;0;0;0;0;0;0;1;0;0;0;0
0404974802;0;0;0;0;0;0;0;0;0;0;0;0;0;0;0;0;0
0404977176;0;0;0;0;0;0;0;0;0;0;0;0;0;0;0;0;0
0404982621;0;0;0;0;1;1;2;0;0;0;0;0;3;0;0;0;0
0404985787;0;0;0;0;0;0;1;0;0;0;0;0;0;0;1;0;0
0404985985;0;0;0;0;0;1;0;0;0;0;0;0;0;0;0;0;0
0404990143;0;0;0;0;0;0;0;0;0;0;0;0;0;0;0;0;0
0404996081;0;0;0;0;0;0;0;0;0;0;0;0;0;0;0;0;0
0405019045;0;0;0;0;0;2;0;0;0;0;0;0;0;0;1;0;0
0405019639;0;0;0;0;0;0;0;0;0;0;0;0;0;0;0;0;0
0405026765;0;0;0;0;0;0;0;0;0;0;0;0;1;0;0;0;0
0405030131;0;0;0;0;0;0;0;0;0;0;0;0;0;0;0;0;0
0405031913;0;0;0;0;0;1;0;0;0;0;0;0;0;0;0;0;0
0405033101;0;0;0;0;0;2;0;0;0;0;0;0;1;0;0;0;0
0405034881;0;0;0;0;0;0;0;0;0;0;0;0;0;0;0;0;0
0405035475;0;0;0;1;0;1;2;0;0;0;0;0;1;0;0;0;0
0405037752;0;0;0;0;0;0;0;0;0;0;0;0;1;0;0;0;0
0405041019;0;0;0;0;0;0;0;0;0;0;0;0;0;0;0;0;0
0405043294;0;0;0;0;0;0;0;0;0;0;0;0;0;0;0;0;0
0405043690;1;0;0;1;1;2;2;0;0;0;0;0;1;0;0;0;0
0405056855;0;0;0;0;0;0;0;0;0;0;0;0;0;0;0;0;0
0405061310;0;0;0;0;0;1;0;0;0;0;0;0;1;0;1;0;0
0405069723;0;0;0;0;0;0;0;0;0;0;0;0;1;0;0;0;0
0405069822;0;0;0;0;0;0;0;0;0;0;0;0;0;0;0;0;0
0405070119;0;0;0;0;0;0;0;0;0;0;0;0;0;0;0;0;0
0405071802;0;0;0;0;0;1;0;0;0;0;0;0;0;0;0;0;0
0405075463;0;0;0;2;1;3;0;0;0;0;0;0;0;0;0;0;0
0405078532;0;0;0;0;0;0;0;0;0;0;0;0;0;0;0;0;0
0405079225;0;0;0;1;1;1;0;0;0;0;0;0;0;0;0;0;0
0405081007;0;0;0;0;0;0;0;0;0;0;0;0;0;0;0;0;0
0405084965;0;0;0;0;1;2;0;0;0;0;0;0;0;0;0;0;0
0405085163;0;0;0;0;1;1;0;0;0;0;0;0;0;1;0;0;0
0405085262;0;0;0;0;0;1;0;0;0;0;0;0;3;1;0;0;0
0405085460;0;0;0;0;0;0;0;0;0;0;0;0;0;0;0;0;0
0405100407;0;0;0;0;0;3;0;0;0;0;0;0;1;0;0;0;0
0405105355;0;0;0;1;2;1;0;0;0;0;0;0;0;0;1;0;0
0405229178;0;0;0;0;0;1;0;0;0;0;0;0;1;0;0;0;0
0405255310;0;0;0;0;0;1;1;0;0;0;0;0;1;0;1;0;0
0405415161;0;0;0;0;0;0;0;0;0;0;0;0;0;0;0;0;0
0405433670;0;0;0;0;0;0;1;0;0;0;0;0;1;0;0;0;0
0405595996;0;0;0;0;0;0;0;0;0;0;0;0;1;0;0;0;0
0405608765;0;0;0;0;0;0;0;0;0;0;0;0;1;0;0;0;0
0405615297;0;0;0;0;0;0;0;0;0;0;0;0;1;0;0;0;0
0405704181;0;0;0;0;0;1;0;0;0;0;0;0;1;0;0;0;0
0405705864;0;0;0;0;0;1;0;0;0;0;0;0;0;0;0;0;0
0405706755;0;0;0;1;1;1;0;0;0;0;0;0;0;0;0;0;0
0405710022;0;0;0;1;0;0;1;0;0;0;0;0;0;0;0;0;0
0405713386;0;0;0;0;0;0;0;0;0;0;0;0;0;0;0;0;0
0405714970;0;0;0;0;0;0;1;0;0;0;0;0;1;0;0;0;0
0405742090;0;0;0;3;0;2;1;0;0;0;2;0;2;0;1;0;0
0405746743;0;0;0;1;0;0;0;0;0;0;0;0;1;0;0;0;0
0405755651;0;0;0;0;0;0;0;0;0;0;0;0;0;0;0;0;0
0405790788;0;0;0;0;0;1;0;0;0;0;0;0;0;0;0;0;0
0405791778;0;0;0;1;0;1;0;0;0;0;0;0;1;0;0;0;0
0405792273;1;0;0;0;1;0;0;0;0;0;0;0;0;0;0;0;0
0405793857;0;0;0;0;0;0;0;0;0;0;0;0;0;0;0;0;0
0405794055;0;0;0;0;0;1;0;0;0;0;0;0;1;0;0;0;0
0405795045;0;0;0;1;0;0;2;0;0;0;0;0;1;0;0;0;0
0405800686;0;0;0;1;1;1;2;0;0;0;2;0;2;1;0;0;0
0405801082;0;0;0;0;0;0;0;0;0;0;0;0;0;1;0;1;0
0405845822;0;0;0;0;0;0;0;0;0;0;2;0;0;0;1;0;0
0405855027;0;0;0;0;0;0;0;0;0;0;0;0;0;0;0;0;0
0405873140;0;0;0;0;0;0;0;0;0;0;0;0;1;0;0;0;0
0405891946;0;0;0;0;3;2;2;0;0;0;2;1;3;2;0;0;0
0405940545;0;0;0;0;0;0;0;0;0;0;0;0;0;0;0;0;0
0405986570;0;0;0;0;0;0;0;0;0;0;0;1;0;1;0;0;0
0405987857;0;0;0;0;1;0;1;0;0;1;0;1;1;0;0;0;0
0405993993;0;0;0;3;1;2;0;0;0;0;0;0;0;0;0;0;0
0405997458;0;0;0;0;0;0;1;0;0;0;0;0;1;0;0;0;0
0405998646;0;1;0;0;1;0;1;0;0;0;0;0;0;0;0;0;0
0405999438;0;0;0;0;0;0;0;0;0;0;0;0;1;0;0;0;0
0406004386;0;0;0;0;0;0;0;0;0;0;0;0;0;0;0;0;0
0406017749;0;0;0;0;0;0;0;0;0;0;0;0;0;0;0;0;0
0406019333;0;0;0;0;0;1;0;0;0;0;0;0;0;0;0;0;0
0406037545;0;0;0;0;1;0;0;0;0;0;0;0;1;0;0;0;0
0406041307;0;0;0;2;4;2;0;0;0;0;0;0;5;0;1;0;0
0406044275;0;0;0;0;0;0;0;0;0;0;0;0;0;0;0;0;0
0406047344;0;0;0;0;1;1;0;0;0;0;2;1;4;1;0;0;0
0406055460;0;0;0;0;0;0;0;0;0;0;2;0;0;0;0;0;0
0406056945;0;0;0;0;0;0;0;0;0;0;0;0;0;0;0;0;0
0406057836;0;0;0;1;0;0;0;0;0;0;0;0;0;0;0;0;0
0406067041;0;0;0;0;0;1;0;0;0;0;0;0;0;0;0;0;0
0406076246;0;0;0;1;2;3;0;0;0;0;0;1;3;0;0;1;0
0406078325;0;0;0;0;1;0;1;0;0;0;2;3;1;0;0;0;0
0406085451;0;0;0;0;0;1;0;0;0;0;0;0;0;0;0;0;0
0406088520;0;0;0;0;2;2;0;0;0;0;0;0;1;0;0;0;0
0406096834;0;0;0;0;0;1;0;0;0;0;0;0;0;0;0;0;0
0406101683;0;0;0;0;0;0;0;0;0;0;0;0;0;0;0;0;0
0406114254;0;1;0;0;1;2;1;0;1;0;2;2;3;1;0;1;0
0406115244;0;0;0;0;0;0;0;0;0;0;0;0;0;0;0;0;0
0406119994;0;0;0;2;0;1;0;0;0;0;0;0;0;0;0;0;0
0406122172;0;0;0;0;0;0;2;0;0;0;0;0;1;0;0;1;0
0406125241;0;0;0;0;0;2;0;0;0;0;0;0;1;0;0;0;0
0406134644;1;0;0;0;0;2;1;0;0;0;0;0;0;0;0;0;0
0406164140;0;0;0;0;0;0;0;0;0;0;0;0;0;0;0;0;0
0406165526;0;0;0;0;0;1;0;0;0;0;0;0;0;0;0;0;0
0406175424;0;0;0;0;1;1;0;0;0;0;0;0;1;0;0;0;0
0406194329;0;0;0;0;0;1;0;0;0;0;0;0;1;0;0;0;0
0406207591;0;0;0;0;0;0;0;0;0;0;0;0;0;0;0;0;0
0406208977;0;0;0;2;0;0;0;0;0;0;0;0;0;0;0;0;0
0406211254;0;0;0;0;0;0;0;0;0;0;0;0;0;0;0;0;0
0406215709;0;0;0;0;0;0;0;0;0;0;0;0;1;0;0;0;0
0406229268;0;0;0;0;1;0;0;0;0;0;0;0;0;0;0;0;0
0406233525;0;0;0;0;0;0;0;0;0;0;0;0;0;0;0;0;0
0406246490;0;0;0;0;0;0;0;0;0;0;0;0;0;0;0;0;0
0406258071;0;0;0;0;0;0;0;0;0;0;0;0;0;0;0;0;0
0406273315;0;0;0;0;0;1;0;0;0;0;0;0;0;0;0;0;0
0406325674;0;0;1;3;1;1;1;0;0;0;2;2;5;2;0;0;0
0406329733;0;0;0;0;0;0;0;0;0;0;0;0;0;0;0;0;0
0406347549;0;0;0;0;0;0;0;0;0;0;0;0;0;0;0;0;0
0406353289;0;1;0;1;0;0;1;0;0;0;0;0;4;1;0;0;0
0406371503;0;0;0;0;0;1;2;0;0;0;0;0;0;0;0;0;0
0406383082;0;0;0;1;0;1;0;0;0;0;0;0;0;0;0;0;0
0406392584;0;0;0;0;0;0;1;0;0;0;0;0;0;0;0;0;0
0406393475;0;0;0;0;0;0;1;0;0;0;0;2;0;0;0;0;0
0406397831;0;0;0;0;0;0;0;0;0;0;0;0;0;0;0;0;0
0406428317;0;0;0;0;0;0;0;0;0;0;0;0;0;0;0;0;0
0406435245;0;0;0;0;0;0;0;0;0;0;0;0;0;0;0;0;0
0406435344;0;0;0;0;0;0;0;0;0;0;0;0;0;0;0;0;0
0406440985;0;0;0;0;0;0;0;0;0;0;0;0;0;0;0;0;0
0406443955;0;0;0;1;0;3;0;0;0;0;0;0;1;0;0;0;0
0406456526;0;0;0;0;0;3;1;0;0;0;0;0;2;0;0;0;0
0406472560;0;0;0;0;0;1;0;0;0;0;0;0;2;0;0;0;0
0406484636;0;0;0;1;0;1;0;0;0;0;2;0;0;0;1;0;0
0406486418;0;0;0;0;0;0;0;0;0;0;0;0;0;0;0;0;0
0406493940;0;0;0;0;0;0;0;0;0;0;0;0;1;0;0;0;0
0406498888;0;0;0;0;0;0;0;0;0;0;0;0;0;0;0;0;0
0406501561;0;0;0;1;0;2;0;0;0;0;2;0;2;0;0;0;0
0406536106;0;0;0;0;0;3;1;0;1;0;0;0;2;0;0;0;0
0406550061;0;0;0;0;0;0;0;0;0;0;0;0;0;0;0;0;0
0406576092;0;0;0;0;1;1;0;0;0;0;0;0;0;0;0;0;0
0406585002;0;1;0;2;1;1;2;0;0;0;0;0;3;1;0;0;0
0406595591;1;0;0;1;1;0;0;0;0;0;2;0;0;0;0;1;0
0406633007;0;0;1;6;1;4;3;0;0;0;0;0;3;1;0;0;0
0406674478;0;0;0;0;1;0;0;0;0;0;0;0;3;1;0;0;0
0406685465;0;0;0;0;0;0;1;0;0;0;0;0;1;0;0;0;0
0406699323;0;0;0;0;0;0;0;0;0;0;0;0;0;0;0;0;0
0406726146;0;0;0;2;0;1;1;0;0;0;0;0;0;0;0;0;0
0406727136;0;0;0;0;0;0;0;0;0;0;0;0;2;0;0;0;0
0406749704;0;0;0;0;0;0;0;0;0;0;0;0;0;0;0;0;0
0406750692;0;0;0;1;0;0;0;0;0;0;2;2;0;0;0;0;0
0406761382;0;0;0;0;0;0;0;0;0;0;0;0;0;0;0;0;0
0406766926;0;0;0;0;0;1;0;0;0;0;0;0;0;0;0;0;0
0406770686;0;0;0;0;1;3;1;0;1;0;2;3;3;0;0;0;0
0406781475;1;0;0;0;1;2;1;0;0;0;0;2;1;0;0;0;0
0406783257;0;0;0;0;0;1;0;0;0;0;0;0;0;0;0;0;0
0406783851;0;0;0;0;0;0;0;0;0;0;0;0;0;0;0;0;0
0406790680;0;0;0;0;0;0;0;0;0;0;0;0;0;0;0;0;0
0406791175;0;0;0;0;0;0;0;0;0;0;0;0;0;0;0;0;0
0406792363;0;0;0;0;0;0;2;0;0;0;0;0;1;0;0;0;0
0406801568;0;0;0;0;0;0;0;0;0;0;0;0;1;0;0;0;0
0406804241;0;0;0;0;0;0;0;0;0;0;0;0;0;0;0;0;0
0406809387;0;0;0;1;1;3;1;0;0;1;0;0;0;0;0;0;0
0406812654;0;0;0;0;0;0;0;0;0;0;0;0;0;0;0;0;0
0406813545;0;0;0;6;4;3;0;0;0;0;0;1;5;1;0;0;0
0406814139;0;0;0;0;0;0;0;0;0;0;0;0;0;0;0;0;0
0406815228;0;0;0;0;0;1;0;0;0;0;0;0;0;0;0;0;0
0406822354;0;0;0;0;0;0;0;0;0;0;0;0;1;0;0;0;0
0406824037;0;0;0;0;1;0;0;0;1;0;2;2;2;2;0;0;0
0406853335;0;0;0;0;0;1;0;0;0;0;0;0;1;0;0;0;0
0406859867;0;0;0;0;0;0;0;0;0;0;0;0;0;0;0;0;0
0406867983;0;0;0;0;0;0;0;0;0;0;0;0;0;0;0;0;0
0406873923;0;0;0;0;0;1;1;0;0;0;0;0;0;0;0;0;0
0406878079;0;0;0;0;0;0;0;0;0;0;0;0;1;0;0;0;0
0406881346;0;0;0;0;0;1;0;0;0;0;0;0;1;0;0;0;0
0406882138;1;1;0;2;2;1;0;0;1;0;0;0;6;1;0;0;0
0406882930;0;0;0;0;0;0;0;0;0;0;0;0;0;0;0;0;0
0406883821;0;0;0;1;0;1;0;0;0;0;2;0;3;1;0;0;0
0406883920;0;0;0;0;0;0;0;0;0;0;0;0;1;0;0;1;0
0406907872;0;0;0;0;0;0;0;0;0;0;2;2;1;0;0;0;0
0406910149;0;0;0;2;0;0;0;0;0;0;0;0;5;0;0;1;0
0406921037;0;0;0;0;0;0;0;0;0;0;0;0;0;0;0;0;0
0406921532;0;0;0;0;0;0;0;0;0;0;0;0;0;0;0;0;0
0406933509;0;0;0;0;0;1;0;0;0;0;0;0;0;0;0;0;0
0406940338;0;0;0;0;0;0;0;0;0;0;0;0;0;0;0;0;0
0406946672;0;0;0;0;1;2;0;0;0;0;0;0;0;0;0;0;0
0406963302;0;0;0;1;0;1;0;0;0;0;0;0;0;0;1;0;0
0406970725;0;0;0;1;0;1;0;0;0;0;0;1;2;1;0;0;0
0406983195;1;0;0;0;1;1;1;0;0;0;0;0;0;0;0;1;0
0406995469;0;0;0;0;0;0;0;0;0;0;0;0;0;0;0;0;0
0407002694;0;0;0;0;0;0;0;0;0;0;0;0;0;0;0;0;0
0407004971;0;0;0;0;0;2;2;0;0;0;0;0;1;0;0;0;0
0407037833;0;0;0;0;1;1;1;0;0;1;0;1;4;2;1;0;0
0407040308;0;0;0;2;1;2;0;0;0;0;0;0;1;1;0;0;0
0407044959;0;0;0;0;1;0;0;0;0;0;0;1;0;1;0;0;0
0407048226;0;0;0;1;3;1;0;0;0;0;0;0;0;0;0;0;0
0407056243;0;0;0;0;0;0;0;0;0;0;0;0;0;0;0;0;0
0407057530;0;0;0;0;0;0;0;0;0;0;0;0;0;0;0;0;0
0407083759;0;0;0;0;0;0;0;0;1;0;0;0;0;0;0;0;0
0407089402;0;0;0;0;0;0;0;0;0;0;0;0;0;0;0;0;0
0407106030;0;0;0;0;0;0;0;0;0;0;0;0;0;0;0;0;0
0407125331;0;0;0;0;0;0;0;0;0;0;0;0;0;0;0;0;0
0407132457;0;0;0;0;0;0;0;0;0;0;0;0;0;0;0;0;0
0407138494;0;0;0;0;0;0;1;0;0;0;0;0;0;0;0;0;0
0407139583;0;0;0;0;0;0;0;0;0;0;0;0;0;0;0;0;0
0407153936;0;0;0;0;0;0;0;0;0;0;0;0;0;0;0;0;0
0407154629;0;0;0;0;0;1;0;0;0;0;0;0;0;0;0;0;0
0407163537;0;0;0;1;1;0;0;0;0;0;0;1;1;2;0;0;0
0407176306;0;0;0;0;0;0;0;0;0;0;0;0;0;0;0;0;0
0407184323;0;0;0;0;0;0;0;0;0;0;0;0;0;0;0;0;0
0407188281;0;0;0;0;0;0;0;0;0;0;0;0;0;0;0;0;0
0407189370;0;0;0;0;2;2;1;0;0;0;0;0;0;0;0;0;0
0407201941;0;0;0;0;0;0;0;0;0;0;0;0;0;0;0;0;0
0407208275;0;0;0;0;0;0;0;0;0;0;0;0;0;0;0;0;0
0407219460;0;0;0;0;1;1;0;0;0;0;0;0;0;0;0;0;0
0407226091;0;0;0;0;0;0;0;0;0;0;0;0;0;0;0;0;0
0407237771;0;0;0;1;0;0;1;0;0;0;0;0;1;0;0;0;0
0407239949;0;1;0;0;0;0;0;0;0;0;0;0;0;1;0;0;0
0407249055;0;0;0;0;0;0;1;0;0;0;0;0;0;0;0;0;0
0407250540;0;0;0;0;0;0;0;1;0;0;0;0;1;0;0;0;0
0407252916;0;0;0;0;0;0;0;0;0;0;0;0;0;0;0;0;0
0407419202;0;0;0;0;0;0;2;0;0;0;0;0;1;0;1;0;0
0407547181;0;0;0;0;1;0;0;0;0;0;0;2;2;0;0;0;0
0407560742;0;0;0;0;0;1;0;0;0;0;0;0;1;0;0;0;0
0407579647;0;0;0;0;0;2;0;0;0;0;0;0;0;0;0;0;0
0407604490;0;0;0;0;0;0;0;0;0;0;0;0;1;0;0;0;0
0407611816;0;0;0;1;0;0;0;0;0;0;0;0;0;0;0;0;0
0407614388;0;0;0;0;0;0;0;0;0;0;0;0;0;0;0;0;0
0407625771;0;0;0;1;0;0;1;0;0;0;0;0;0;0;0;0;0
0407626860;0;0;0;2;0;0;0;0;0;0;0;0;0;0;0;0;0
0407626959;0;0;0;0;0;0;0;0;0;0;0;0;0;0;0;0;0
0407632206;0;0;0;0;0;0;0;0;0;0;0;0;0;0;0;0;0
0407647547;0;0;0;0;0;0;0;0;0;0;2;2;0;0;0;0;0
0407653980;1;0;0;6;2;2;1;0;0;0;0;0;3;1;1;0;0
0407661108;0;0;0;0;0;0;0;0;0;0;0;0;1;0;0;0;0
0407683674;0;0;0;0;0;0;0;0;0;0;0;0;0;0;0;0;0
0407687436;0;0;0;0;0;0;2;0;0;0;0;0;1;0;1;0;0
0407689119;0;0;0;0;0;0;0;0;0;0;2;0;0;0;0;0;0
0407693770;0;0;0;0;0;1;0;0;0;0;0;0;4;0;0;0;0
0407705450;0;0;0;0;0;1;0;0;0;0;0;0;0;0;0;0;0
0407708618;0;0;0;0;0;0;0;0;0;0;0;0;0;0;0;0;0
0407717031;0;0;0;0;0;0;0;0;0;0;0;0;0;0;0;0;0
0407728414;0;0;0;0;0;0;0;0;0;0;0;0;0;0;0;0;0
0407756425;0;0;0;0;0;0;0;0;0;0;0;0;0;0;0;0;0
0407758504;0;0;0;0;0;0;0;0;0;0;0;0;0;0;0;0;0
0407766422;0;0;0;0;0;0;0;0;0;0;0;0;0;0;0;0;0
0407818583;0;0;0;0;0;0;2;0;0;0;0;0;0;0;0;0;0
0407827293;0;0;0;0;0;0;0;0;0;0;0;0;1;0;0;0;0
0407860749;0;0;0;0;0;0;0;0;0;0;0;0;0;0;0;0;0
0407866588;0;0;1;1;1;2;0;0;0;0;0;0;1;0;0;0;0
0407872231;0;0;0;1;1;1;2;0;1;0;0;0;3;1;0;0;0
0407880941;0;0;0;0;0;0;0;0;0;0;0;0;0;0;0;0;0
0407884802;1;0;0;1;1;2;0;0;0;2;0;0;2;0;1;0;0
0407885394;1;0;0;2;2;2;2;0;0;0;0;0;6;0;0;0;0
0407925778;0;0;0;0;0;0;0;0;0;0;0;0;0;0;0;0;0
0407933104;0;0;0;2;1;2;1;0;0;0;0;0;7;2;0;1;0
0407974971;0;0;0;0;0;0;0;0;0;0;0;0;1;0;0;0;0
0408020404;0;0;0;0;0;0;2;0;0;0;0;0;0;0;0;0;0
0408032874;0;0;0;0;0;0;0;0;0;0;0;0;0;0;0;0;0
0408050195;0;0;0;0;0;0;0;0;0;0;0;0;0;0;0;0;0
0408053660;0;0;0;0;0;0;0;0;0;0;0;1;0;1;0;0;0
0408055046;0;0;1;3;0;4;0;0;1;0;0;1;2;1;1;0;0
0408064350;0;0;0;0;0;0;0;0;0;0;0;0;0;0;0;0;0
0408065835;0;0;0;0;0;0;0;0;0;0;0;0;0;0;0;0;0
0408065934;0;0;0;0;0;0;0;0;0;0;2;0;3;0;0;0;0
0408076228;0;0;0;0;0;0;0;0;0;0;0;0;1;0;0;0;0
0408080285;0;0;0;0;0;0;0;0;0;0;0;0;0;0;0;0;0
0408109880;0;0;0;0;0;0;0;0;0;0;2;0;2;0;0;0;0
0408128488;0;0;0;0;0;0;0;0;0;0;0;0;0;0;0;0;0
0408192925;0;0;0;0;0;0;0;0;0;0;0;0;0;0;0;0;0
0408223906;0;0;0;1;0;1;2;0;0;1;0;0;5;2;0;0;0
0408224993;0;0;0;1;0;0;0;0;0;0;0;0;0;0;0;0;0
0408250036;0;0;0;0;0;1;0;0;0;0;0;0;0;0;0;0;0
0408286856;0;0;0;0;0;1;0;0;0;0;0;0;0;0;0;0;0
0408306553;0;0;0;0;0;1;0;0;0;0;0;0;0;0;0;0;0
0408337633;0;0;0;0;0;0;0;0;0;0;0;0;0;0;0;0;0
0408341987;0;0;0;0;0;0;0;0;0;0;0;0;0;0;0;0;0
0408350895;0;0;0;0;0;1;0;0;0;0;0;0;0;0;0;0;0
0408351984;0;0;0;0;2;1;0;0;1;0;2;2;3;0;0;0;0
0408375344;0;0;0;0;0;0;0;0;0;0;0;0;0;0;0;0;0
0408389004;0;0;0;0;0;0;0;0;0;0;0;0;0;0;0;0;0
0408394645;0;0;0;0;0;1;0;0;0;0;0;0;0;0;0;0;0
0408403256;0;0;1;0;0;1;1;0;0;0;0;0;1;1;0;0;0
0408490160;0;0;0;0;0;0;0;0;0;0;0;0;0;0;0;0;0
0408499464;0;0;0;0;0;1;0;0;0;0;0;0;0;0;0;0;0
0408516488;0;0;0;2;1;1;2;0;0;0;0;0;1;1;0;0;0
0408590922;0;0;0;0;3;3;1;0;0;0;0;0;4;1;0;0;0
0409054344;0;0;0;1;4;1;2;0;0;0;0;0;0;0;0;0;0
0409423736;0;0;0;3;1;1;1;0;0;0;0;0;5;3;2;0;0
0409450856;0;0;0;0;2;2;0;0;0;0;0;2;4;2;0;0;0
0409671085;0;0;0;4;4;3;1;0;0;0;0;0;0;1;0;0;0
0409698603;0;0;0;0;0;0;0;0;0;0;0;0;0;0;0;0;0
0410006132;0;0;0;0;0;0;1;0;0;0;0;0;0;0;0;0;0
0410048989;0;0;0;0;0;0;1;0;0;0;0;0;0;0;0;0;0
0410151137;0;0;0;0;0;1;0;0;0;0;0;0;0;0;0;0;0
0410195380;0;0;0;0;0;1;0;0;0;0;0;0;0;0;0;0;0
0410353154;0;0;0;2;0;0;3;0;0;0;0;0;1;0;0;0;0
0410412146;0;0;0;0;0;0;0;0;0;0;0;0;0;0;1;0;0
0410509443;0;0;0;0;0;1;0;0;0;0;0;0;0;0;0;0;0
0410677907;0;0;0;1;0;1;1;0;0;0;0;0;1;0;0;0;0
0410682657;0;0;0;4;3;1;2;0;0;0;0;0;3;0;0;0;0
0410797275;0;0;1;1;2;5;4;0;0;0;0;0;1;0;0;0;0
0410811826;0;0;0;0;0;0;0;0;0;0;0;0;0;0;0;0;0
0411031560;0;0;1;2;0;2;1;0;0;0;0;0;0;1;0;0;0
0411062838;0;0;0;0;0;1;0;0;0;0;0;0;0;0;0;0;0
0411106091;0;0;1;1;2;1;1;0;0;0;0;0;2;1;0;0;0
0411107873;0;0;0;0;0;0;0;0;0;0;0;0;1;0;0;0;0
0411111437;0;0;0;0;0;0;0;0;0;0;0;0;0;0;0;0;0
0411507058;0;0;0;0;0;0;0;0;0;0;0;0;0;0;0;0;0
0411516758;0;0;0;0;0;0;0;0;0;0;0;0;0;0;0;0;0
0411519827;0;0;0;0;0;0;0;0;0;0;0;0;1;0;0;0;0
0411520124;0;0;0;0;0;0;0;0;0;0;0;0;0;0;0;0;0
0411590004;0;0;0;0;0;0;0;0;0;0;0;0;0;0;0;0;0
0411592279;0;0;0;0;0;0;0;0;0;0;0;0;0;0;0;0;0
0411596536;0;0;1;0;0;1;0;0;0;0;0;1;1;2;0;0;0
0411623359;0;0;0;0;0;0;0;0;0;0;0;0;0;0;0;0;0
0411628804;0;0;0;0;0;0;0;0;0;0;0;0;0;0;0;0;0
0411630683;0;0;0;0;0;0;0;0;1;0;2;2;1;0;0;0;0
0411639987;0;0;0;0;0;0;0;0;0;0;0;0;1;0;0;0;0
0411646818;0;0;0;3;1;1;0;0;0;1;0;0;2;1;0;0;0
0411655825;0;0;0;0;0;0;0;0;0;0;0;0;0;0;0;0;0
0411656320;0;0;0;0;0;1;0;0;0;0;0;0;2;0;0;0;0
0411664832;0;0;0;0;0;1;0;0;0;0;0;0;0;0;0;0;0
0411674235;0;0;0;0;1;1;0;0;0;0;0;0;3;1;0;0;0
0411674334;0;0;0;0;0;0;0;0;0;0;0;0;0;0;0;0;0
0411680668;0;0;0;0;0;0;0;0;0;0;0;0;0;0;0;0;0
0411888724;0;0;0;0;0;0;0;0;0;0;0;0;2;1;0;0;0
0411927821;0;0;0;0;1;2;1;0;0;0;0;0;0;0;0;0;0
0411928118;0;0;0;0;0;1;0;0;0;0;0;0;0;0;0;0;0
0411934452;0;0;1;0;1;0;0;0;0;1;2;2;0;0;0;0;0
0411937224;0;0;1;1;0;1;0;0;0;2;0;0;1;0;0;0;0
0411944845;0;0;0;0;0;1;0;0;0;0;0;0;0;0;0;0;0
0411954941;0;0;0;1;0;1;0;0;0;0;0;0;1;0;0;0;0
0411961473;0;0;0;0;0;0;0;0;0;0;0;0;1;0;0;0;0
0411968403;0;0;0;1;0;0;0;0;0;0;0;0;0;0;0;0;0
0411969490;0;0;0;0;0;0;0;0;0;0;0;0;0;0;0;0;0
0411972856;0;0;0;1;2;0;0;0;0;0;0;1;3;1;0;0;0
0411986120;0;0;0;0;0;0;0;0;0;0;0;0;0;0;0;0;0
0411986615;0;0;0;0;0;0;0;0;0;0;0;0;0;0;0;0;0
0411987308;0;0;0;0;0;0;0;0;0;0;0;0;0;0;0;0;0
0411987506;0;0;0;0;1;0;0;0;0;0;0;0;0;0;0;0;0
0412003045;0;0;0;0;0;0;0;0;0;0;0;0;0;0;0;0;0
0412003738;0;0;0;1;0;3;0;0;0;0;0;0;1;0;0;0;0
0412019772;0;0;0;1;1;1;0;0;0;0;0;0;1;0;0;0;0
0412038182;0;0;0;0;0;1;0;0;0;0;0;1;0;1;0;0;0
0412044023;0;0;0;0;0;0;0;0;0;0;0;0;0;0;0;0;0
0412046595;0;0;0;0;0;0;0;0;0;0;0;0;0;0;0;0;0
0412061839;0;0;0;0;0;0;0;0;0;0;0;0;0;0;0;0;0
0412083417;0;0;0;0;0;0;1;0;0;0;0;0;0;0;0;0;0
0412087375;0;0;0;0;0;0;0;0;0;0;0;0;0;0;0;0;0
0412090246;0;0;0;1;0;1;0;0;0;0;0;1;0;2;1;0;0
0412108854;0;0;0;0;1;0;1;0;0;0;0;0;1;0;0;0;0
0412112715;0;0;0;0;0;0;0;0;0;0;0;0;2;0;0;0;0
0412116574;0;0;0;0;0;0;0;0;0;0;0;0;1;0;0;0;0
0412127858;0;0;0;0;0;2;2;0;0;0;0;0;0;0;0;0;0
0412399557;0;0;0;1;0;0;0;0;0;0;0;0;0;0;0;0;0
0412421333;0;0;0;0;0;0;0;0;0;0;0;0;0;0;0;0;0
0412452908;0;0;0;1;2;2;1;0;0;0;0;0;0;0;0;0;0
0412457262;0;0;0;0;0;0;0;0;0;0;0;0;0;0;0;0;0
0412461618;0;0;0;0;0;0;0;0;0;0;0;0;0;0;0;0;0
0412508138;0;0;0;0;0;0;0;0;0;0;0;0;0;0;0;0;0
0412513185;0;0;0;0;0;0;0;0;0;0;0;0;0;0;0;0;0
0412540109;0;0;0;1;0;1;1;0;0;0;0;0;2;1;0;1;0
0412540406;0;0;0;0;0;0;0;0;0;0;0;0;0;0;0;0;0
0412556737;0;0;0;0;0;1;0;0;0;0;0;0;0;0;0;0;0
0412563071;0;0;0;0;0;0;0;0;0;0;0;0;0;0;0;0;0
0412571583;0;0;0;0;0;0;0;0;0;0;0;0;0;0;0;0;0
0412584649;0;0;0;0;0;1;0;0;1;0;0;0;1;0;0;0;0
0412618204;0;0;0;0;0;0;0;0;0;0;0;0;0;0;0;0;0
0412620875;0;0;0;0;0;1;0;0;0;0;0;1;1;1;0;0;0
0412623251;0;0;0;0;0;0;1;0;0;0;0;0;1;0;0;0;0
0412652648;0;0;0;0;0;0;0;0;0;0;0;0;0;0;0;0;0
0412696396;0;0;0;1;0;0;0;0;0;0;0;0;0;0;0;0;0
0412697584;0;0;0;2;1;2;1;0;0;0;0;0;1;1;0;0;0
0412697683;0;0;0;0;0;0;0;0;0;0;0;0;1;0;1;0;0
0412701841;0;0;0;0;0;0;0;0;0;0;0;0;0;0;0;0;0
0412709957;0;0;0;0;0;0;0;0;0;0;0;0;0;1;0;0;0
0412725991;0;0;0;1;0;0;0;0;0;0;0;0;1;0;0;0;0
0412744205;0;0;0;1;0;2;0;0;0;0;0;0;0;0;0;0;0
0412746282;0;0;0;1;1;1;1;0;0;0;0;0;0;1;0;0;0
0412757764;0;0;0;0;0;0;0;0;0;0;0;0;0;0;0;0;0
0412760932;0;0;0;2;3;2;0;0;0;0;0;0;4;1;0;0;0
0412781421;0;0;0;0;0;1;0;0;0;2;0;0;0;1;0;0;0
0412796267;0;0;0;0;0;0;0;0;0;0;2;2;1;0;0;0;0
0412799930;0;0;0;0;0;1;0;0;0;0;0;0;0;0;0;0;0
0412801613;0;0;0;0;0;0;0;0;0;0;0;0;0;0;0;0;0
0412809531;0;0;0;0;0;0;0;0;0;0;0;0;0;0;0;0;0
0412820617;0;0;1;0;0;0;0;0;0;0;0;0;0;0;0;0;0
0412836453;0;0;0;0;0;0;0;0;0;0;0;0;0;0;0;0;0
0412839225;0;0;0;0;0;0;0;0;0;0;0;0;0;0;0;0;0
0412850905;0;0;0;1;0;2;0;0;0;2;0;1;1;4;0;0;0
0412860605;0;0;0;0;0;0;0;0;0;0;0;0;0;0;0;0;0
0412869612;0;0;0;0;0;0;0;0;0;0;0;0;0;0;0;0;0
0412870996;0;0;0;1;0;2;1;0;0;0;0;0;0;1;0;0;0
0412904650;0;0;0;0;0;0;0;0;0;0;0;0;0;0;0;0;0
0412910588;0;0;0;1;0;0;0;0;0;0;0;0;0;0;0;0;0
0412925535;0;0;0;0;0;0;1;0;0;0;2;0;1;0;1;0;0
0412930186;0;0;0;0;0;0;0;0;0;0;0;0;1;0;0;0;0
0412930483;0;0;0;0;3;1;0;0;0;0;0;0;1;0;0;0;0
0412951170;0;0;0;0;0;0;0;0;0;0;0;0;0;0;0;0;0
0412959484;0;0;0;0;0;0;0;0;0;0;0;0;0;0;0;0;0
0412968887;0;0;0;0;0;0;0;0;0;0;0;0;0;0;0;0;0
0412984032;0;0;0;0;0;1;0;0;0;0;0;0;0;0;0;0;0
0412994920;0;0;0;0;0;0;0;0;0;0;0;0;0;0;0;0;0
0412995118;0;0;0;0;0;1;0;0;0;1;0;0;0;0;0;0;0
0412998581;0;0;0;0;0;0;0;0;0;0;0;0;0;0;0;0;0
0413005214;2;2;0;3;0;2;1;1;0;0;0;0;3;1;0;0;0
0413016496;0;0;0;1;0;1;0;0;0;0;0;0;1;0;0;0;0
0413025010;0;0;0;0;0;0;0;0;0;0;0;0;0;0;0;0;0
0413031443;0;0;0;0;0;0;0;0;0;0;0;0;0;0;0;0;0
0413067174;0;0;0;0;0;0;0;0;0;0;0;0;0;0;0;0;0
0413093504;0;0;0;0;0;1;0;0;0;0;0;0;0;0;0;0;0
0413094888;0;0;0;0;0;0;0;0;0;0;0;0;0;0;0;0;0
0413097462;0;0;1;0;0;1;0;0;0;0;0;0;1;0;0;0;0
0413118149;0;0;0;0;0;0;0;0;0;0;0;0;0;0;0;0;0
0413121218;0;0;0;1;0;2;1;0;0;0;0;0;1;0;1;0;0
0413136856;0;0;0;2;0;0;1;0;0;0;2;0;1;1;0;0;0
0413137945;0;0;0;0;0;1;0;0;0;0;0;0;0;0;0;0;0
0413162293;0;0;0;0;0;0;0;0;0;0;0;0;0;0;0;0;0
0413176250;0;0;0;0;0;0;0;0;0;0;0;0;0;0;0;0;0
0413196937;0;0;0;0;0;0;0;0;0;0;0;0;0;0;0;0;0
0413210201;0;0;1;0;0;1;1;0;0;0;0;0;1;0;0;0;0
0413214951;0;0;0;0;0;0;0;0;0;0;0;0;0;0;0;0;0
0413258404;1;0;0;0;0;1;0;0;0;0;2;0;1;0;0;0;0
0413278990;0;0;0;0;0;0;0;0;0;0;0;0;0;0;0;0;0
0413281267;0;0;0;0;0;0;0;0;0;0;0;0;0;0;0;0;0
0413312347;0;0;0;1;0;0;3;0;0;0;0;0;0;0;0;0;0
0413346692;0;0;0;0;0;0;0;0;0;0;0;0;0;0;0;0;0
0413424292;0;0;0;0;0;0;1;0;0;0;0;0;0;0;0;0;0
0413458441;0;0;0;0;0;0;0;0;0;0;0;0;0;0;0;0;0
0413480811;0;0;0;0;0;1;0;0;0;0;0;0;1;0;0;0;0
0413495162;0;0;0;0;0;0;0;0;0;0;0;0;1;0;0;0;0
0413531289;0;0;0;1;0;0;2;0;0;0;0;0;1;0;0;0;0
0413538912;0;0;0;0;0;0;0;0;0;0;0;0;0;0;0;0;0
0413560092;0;0;0;0;0;0;0;0;0;0;0;0;0;0;0;0;0
0413567220;0;0;0;1;1;1;0;0;0;0;0;0;1;0;1;0;0
0413567319;1;0;0;1;0;1;1;0;0;0;0;0;0;1;0;0;0
0413567616;0;0;0;0;0;0;0;0;0;0;0;0;0;0;0;0;0
0413573356;0;0;0;0;0;0;0;0;0;0;0;0;0;0;0;0;0
0413606218;0;0;0;0;0;0;0;0;0;0;0;0;0;0;0;0;0
0413608493;0;0;0;1;0;0;0;0;0;0;0;0;0;0;0;0;0
0413622648;0;0;0;0;0;0;0;0;0;0;0;0;0;0;0;0;0
0413643533;0;0;0;0;0;0;0;0;0;0;0;0;0;0;0;0;0
0413656894;0;0;0;1;0;1;0;0;0;0;0;0;1;0;0;0;0
0413665705;0;0;0;0;1;1;1;0;0;1;0;0;2;1;0;0;0
0413670356;0;0;0;0;0;0;0;0;0;0;0;0;0;0;0;0;0
0413676690;0;0;1;1;0;1;0;0;0;0;2;0;1;1;0;1;0
0413697872;0;0;0;0;1;0;0;0;0;0;0;0;0;0;0;0;0
0413714007;0;0;0;0;0;1;0;0;0;0;0;0;0;0;0;0;0
0413723806;0;0;0;0;0;0;0;0;0;0;0;0;0;0;0;0;0
0413723905;0;0;0;0;0;1;1;0;0;0;0;0;0;0;0;0;0
0413735088;0;0;0;0;0;0;0;0;0;0;0;0;0;0;0;0;0
0413735187;0;0;0;0;0;0;0;0;0;0;0;0;0;0;0;0;0
0413744194;0;0;0;0;2;0;0;0;0;0;0;0;1;0;0;0;0
0413753894;0;0;1;0;0;3;1;0;0;1;2;0;2;1;0;0;0
0413762903;0;0;0;0;0;0;0;0;0;0;0;0;0;0;0;0;0
0413776660;0;0;0;2;4;1;1;0;0;0;0;0;4;2;0;0;0
0413787647;0;0;0;0;0;0;0;0;0;0;0;0;0;0;0;0;0
0413792003;0;0;0;0;0;0;0;0;0;0;0;0;0;0;0;0;0
0413792496;0;0;0;0;0;0;0;0;0;0;0;0;0;0;0;0;0
0413796456;0;0;0;0;0;1;1;0;0;0;0;0;0;1;0;0;0
0413811304;0;0;0;0;0;0;0;0;0;0;0;0;0;0;0;0;0
0413822190;0;0;0;0;0;0;0;0;0;0;0;0;0;0;0;0;0
0413842778;0;0;0;0;0;0;0;0;0;0;0;0;0;0;0;0;0
0413861485;0;0;0;0;0;0;0;0;0;0;0;0;0;0;0;0;0
0413877224;0;0;0;0;0;1;0;0;0;0;0;0;0;0;0;0;0
0413888211;0;0;0;0;1;0;0;0;0;0;0;0;0;0;0;0;0
0413901473;0;0;0;0;0;0;0;0;0;0;0;0;0;0;0;0;0
